{
  "config": {
    "factor_weights": {
      "momentum": 0.20408163265306128,
      "reversal": 0.12244897959183675,
      "low_vol": 0.12244897959183675,
      "resid_mom": 0.10204081632653064,
      "high_52w": 0.0816326530612245,
      "max_lottery": 0.0816326530612245,
      "turnover": 0.06122448979591837,
      "value": 0.10204081632653064,
      "gross_prof": 0.06122448979591837,
      "asset_growth": 0.0,
      "quality": 0.06122448979591837
    },
    "lookback": {
      "momentum_days": 252,
      "vol_days": 63,
      "reversal_days": 21,
      "max_days": 21,
      "hi_days": 252,
      "to_days": 21,
      "resid_days": 252
    },
    "top_n": 30,
    "holding_buffer": 5,
    "max_weight": 0.08,
    "liquidity_pct": {
      "mktcap_pct": 0.2,
      "advol_pct": 0.2
    },
    "tilt_strength": 0.5,
    "rebalance": "monthly",
    "cost_bps": 10.0
  },
  "train_metrics": {
    "sharpe": 0.8649679424010345,
    "ann_return": 0.1954503479199894,
    "ann_vol": 0.17439742649515452,
    "max_drawdown": -21.600754768696078,
    "turnover": 0.3267870769546253,
    "n_rebalances": 72
  },
  "val_metrics": {
    "sharpe": -0.01781062405557353,
    "ann_return": 0.027658920104492557,
    "ann_vol": 0.16258092841324515,
    "max_drawdown": -15.479978854739516,
    "turnover": 0.2646400789655071,
    "n_rebalances": 24
  },
  "hypothesis": "Increasing max_weight to 0.08 allows higher concentration in top-ranked names, potentially capturing stronger factor returns and improving Sharpe if those top picks outperform.",
  "kept": false,
  "attribution": {
    "path": "max_weight",
    "value": 0.08
  }
}