{
  "config": {
    "factor_weights": {
      "momentum": 0.20408163265306128,
      "reversal": 0.12244897959183675,
      "low_vol": 0.12244897959183675,
      "resid_mom": 0.10204081632653064,
      "high_52w": 0.0816326530612245,
      "max_lottery": 0.0816326530612245,
      "turnover": 0.06122448979591837,
      "value": 0.10204081632653064,
      "gross_prof": 0.06122448979591837,
      "asset_growth": 0.0,
      "quality": 0.06122448979591837
    },
    "lookback": {
      "momentum_days": 252,
      "vol_days": 63,
      "reversal_days": 5.0,
      "max_days": 21,
      "hi_days": 252,
      "to_days": 21,
      "resid_days": 252
    },
    "top_n": 30,
    "holding_buffer": 5,
    "max_weight": 0.05,
    "liquidity_pct": {
      "mktcap_pct": 0.2,
      "advol_pct": 0.2
    },
    "tilt_strength": 0.5,
    "rebalance": "monthly",
    "cost_bps": 10.0
  },
  "train_metrics": {
    "sharpe": 0.8703735928930947,
    "ann_return": 0.19731005300615467,
    "ann_vol": 0.17523330517216412,
    "max_drawdown": -21.248064497527217,
    "turnover": 0.31945074443088867,
    "n_rebalances": 72
  },
  "val_metrics": {
    "sharpe": -0.25308866234635463,
    "ann_return": -0.011989955316931478,
    "ann_vol": 0.16288362400604894,
    "max_drawdown": -19.59806662639344,
    "turnover": 0.2541223229635966,
    "n_rebalances": 24
  },
  "hypothesis": "Shortening reversal lookback from 21 to 5 days yields a purer short-term reversal signal, reducing noise and improving validation Sharpe.",
  "kept": false,
  "attribution": {
    "path": "lookback.reversal_days",
    "value": 5
  }
}