{
  "config": {
    "factor_weights": {
      "momentum": 0.19230769230769232,
      "reversal": 0.11538461538461538,
      "low_vol": 0.11538461538461538,
      "resid_mom": 0.09615384615384616,
      "high_52w": 0.07692307692307693,
      "max_lottery": 0.07692307692307693,
      "turnover": 0.05769230769230769,
      "value": 0.09615384615384616,
      "gross_prof": 0.05769230769230769,
      "asset_growth": 0.05769230769230769,
      "quality": 0.05769230769230769
    },
    "lookback": {
      "momentum_days": 126.0,
      "vol_days": 63,
      "reversal_days": 21,
      "max_days": 21,
      "hi_days": 252,
      "to_days": 21,
      "resid_days": 252
    },
    "top_n": 30,
    "holding_buffer": 5,
    "max_weight": 0.05,
    "liquidity_pct": {
      "mktcap_pct": 0.2,
      "advol_pct": 0.2
    },
    "tilt_strength": 0.5,
    "rebalance": "monthly",
    "cost_bps": 10.0
  },
  "train_metrics": {
    "sharpe": 0.8702380024074446,
    "ann_return": 0.1923632267820925,
    "ann_vol": 0.1692636914234602,
    "max_drawdown": -21.125721832434536,
    "turnover": 0.35526021024226007,
    "n_rebalances": 72
  },
  "val_metrics": {
    "sharpe": -0.14208800004373962,
    "ann_return": 0.006403545172535274,
    "ann_vol": 0.16333756886623235,
    "max_drawdown": -16.515291795971656,
    "turnover": 0.3323295368986791,
    "n_rebalances": 24
  },
  "hypothesis": "Reducing momentum lookback from 252 to 126 days captures more recent price trends, improving signal responsiveness and validation Sharpe.",
  "kept": false,
  "attribution": {
    "path": "lookback.momentum_days",
    "value": 126
  }
}