{
  "config": {
    "factor_weights": {
      "momentum": 0.20408163265306128,
      "reversal": 0.12244897959183675,
      "low_vol": 0.12244897959183675,
      "resid_mom": 0.10204081632653064,
      "high_52w": 0.0816326530612245,
      "max_lottery": 0.0816326530612245,
      "turnover": 0.06122448979591837,
      "value": 0.10204081632653064,
      "gross_prof": 0.06122448979591837,
      "asset_growth": 0.0,
      "quality": 0.06122448979591837
    },
    "lookback": {
      "momentum_days": 252,
      "vol_days": 63,
      "reversal_days": 21,
      "max_days": 21,
      "hi_days": 252,
      "to_days": 21,
      "resid_days": 252
    },
    "top_n": 30,
    "holding_buffer": 5,
    "max_weight": 0.03,
    "liquidity_pct": {
      "mktcap_pct": 0.2,
      "advol_pct": 0.2
    },
    "tilt_strength": 0.5,
    "rebalance": "monthly",
    "cost_bps": 10.0
  },
  "train_metrics": {
    "sharpe": 0.9161791604815214,
    "ann_return": 0.19789861425885658,
    "ann_vol": 0.16502444393882887,
    "max_drawdown": -18.929569193738097,
    "turnover": 0.27985714285714286,
    "n_rebalances": 72
  },
  "val_metrics": {
    "sharpe": 0.11069698350596287,
    "ann_return": 0.0499483640872076,
    "ann_vol": 0.15963547736233674,
    "max_drawdown": -14.205314713679574,
    "turnover": 0.23454545454545456,
    "n_rebalances": 24
  },
  "hypothesis": "Lowering max_weight to 0.03 increases diversification, reducing idiosyncratic tail risk and improving validation Sharpe.",
  "kept": true,
  "attribution": {
    "path": "max_weight",
    "value": 0.03
  }
}