{
  "config": {
    "factor_weights": {
      "momentum": 0.20408163265306128,
      "reversal": 0.12244897959183675,
      "low_vol": 0.12244897959183675,
      "resid_mom": 0.10204081632653064,
      "high_52w": 0.0816326530612245,
      "max_lottery": 0.0816326530612245,
      "turnover": 0.06122448979591837,
      "value": 0.10204081632653064,
      "gross_prof": 0.06122448979591837,
      "asset_growth": 0.0,
      "quality": 0.06122448979591837
    },
    "lookback": {
      "momentum_days": 252,
      "vol_days": 63,
      "reversal_days": 21,
      "max_days": 21,
      "hi_days": 252,
      "to_days": 21,
      "resid_days": 252
    },
    "top_n": 50.0,
    "holding_buffer": 5,
    "max_weight": 0.03,
    "liquidity_pct": {
      "mktcap_pct": 0.2,
      "advol_pct": 0.2
    },
    "tilt_strength": 0.5,
    "rebalance": "monthly",
    "cost_bps": 10.0
  },
  "train_metrics": {
    "sharpe": 0.9219263171516735,
    "ann_return": 0.20216450273581077,
    "ann_vol": 0.16854829961570872,
    "max_drawdown": -20.921131240554587,
    "turnover": 0.17245087067970877,
    "n_rebalances": 72
  },
  "val_metrics": {
    "sharpe": -0.35270208931858416,
    "ann_return": -0.03706737876199262,
    "ann_vol": 0.1799923395512455,
    "max_drawdown": -25.382224719142382,
    "turnover": 0.1551181481623272,
    "n_rebalances": 24
  },
  "hypothesis": "Increasing number of holdings to 50 improves diversification and reduces idiosyncratic noise, expected to increase validation Sharpe.",
  "kept": false,
  "attribution": {
    "path": "top_n",
    "value": 50
  }
}