{
  "config": {
    "factor_weights": {
      "momentum": 0.20408163265306128,
      "reversal": 0.12244897959183675,
      "low_vol": 0.12244897959183675,
      "resid_mom": 0.10204081632653064,
      "high_52w": 0.0816326530612245,
      "max_lottery": 0.0816326530612245,
      "turnover": 0.06122448979591837,
      "value": 0.10204081632653064,
      "gross_prof": 0.06122448979591837,
      "asset_growth": 0.0,
      "quality": 0.06122448979591837
    },
    "lookback": {
      "momentum_days": 252,
      "vol_days": 63,
      "reversal_days": 5.0,
      "max_days": 21,
      "hi_days": 252,
      "to_days": 21,
      "resid_days": 252
    },
    "top_n": 30,
    "holding_buffer": 5,
    "max_weight": 0.03,
    "liquidity_pct": {
      "mktcap_pct": 0.2,
      "advol_pct": 0.2
    },
    "tilt_strength": 0.5,
    "rebalance": "monthly",
    "cost_bps": 10.0
  },
  "train_metrics": {
    "sharpe": 0.9290019891479073,
    "ann_return": 0.201992556823972,
    "ann_vol": 0.1667609653488869,
    "max_drawdown": -18.746648529464384,
    "turnover": 0.267,
    "n_rebalances": 72
  },
  "val_metrics": {
    "sharpe": -0.18035243507205295,
    "ann_return": 0.00018792696728398006,
    "ann_vol": 0.16246154079559336,
    "max_drawdown": -19.29046175635015,
    "turnover": 0.22636363636363635,
    "n_rebalances": 24
  },
  "hypothesis": "Shortening reversal lookback to 5 days captures more immediate short-term reversal, improving factor timing and validation Sharpe.",
  "kept": false,
  "attribution": {
    "path": "lookback.reversal_days",
    "value": 5
  }
}