{
  "config": {
    "factor_weights": {
      "momentum": 0.15662650602409636,
      "reversal": 0.12048192771084336,
      "low_vol": 0.12048192771084336,
      "resid_mom": 0.10040160642570281,
      "high_52w": 0.08032128514056225,
      "max_lottery": 0.08032128514056225,
      "turnover": 0.06024096385542168,
      "value": 0.10040160642570281,
      "gross_prof": 0.06024096385542168,
      "asset_growth": 0.06024096385542168,
      "quality": 0.06024096385542168
    },
    "lookback": {
      "momentum_days": 252,
      "vol_days": 63,
      "reversal_days": 21,
      "max_days": 21,
      "hi_days": 252,
      "to_days": 21,
      "resid_days": 252
    },
    "top_n": 30,
    "holding_buffer": 5,
    "max_weight": 0.05,
    "liquidity_pct": {
      "mktcap_pct": 0.2,
      "advol_pct": 0.2
    },
    "tilt_strength": 0.5,
    "rebalance": "monthly",
    "cost_bps": 10.0
  },
  "train_metrics": {
    "sharpe": 0.8942446177320122,
    "ann_return": 0.1991272941091542,
    "ann_vol": 0.17160260080495518,
    "max_drawdown": -21.541268798010098,
    "turnover": 0.3317000344395516,
    "n_rebalances": 72
  },
  "val_metrics": {
    "sharpe": -0.03468078818730832,
    "ann_return": 0.024963787259575154,
    "ann_vol": 0.16163083054334654,
    "max_drawdown": -15.60921647617154,
    "turnover": 0.2840161725279531,
    "n_rebalances": 24
  },
  "hypothesis": "Reducing momentum weight given its past increase degraded performance, shifting to a more balanced factor mix may improve validation Sharpe.",
  "kept": false,
  "attribution": {
    "path": "factor_weights.momentum",
    "value": 0.15
  }
}