{
  "config": {
    "factor_weights": {
      "momentum": 0.20408163265306128,
      "reversal": 0.12244897959183675,
      "low_vol": 0.12244897959183675,
      "resid_mom": 0.10204081632653064,
      "high_52w": 0.0816326530612245,
      "max_lottery": 0.0816326530612245,
      "turnover": 0.06122448979591837,
      "value": 0.10204081632653064,
      "gross_prof": 0.06122448979591837,
      "asset_growth": 0.0,
      "quality": 0.06122448979591837
    },
    "lookback": {
      "momentum_days": 252,
      "vol_days": 63,
      "reversal_days": 21,
      "max_days": 21,
      "hi_days": 252,
      "to_days": 21,
      "resid_days": 252
    },
    "top_n": 25.0,
    "holding_buffer": 5,
    "max_weight": 0.03,
    "liquidity_pct": {
      "mktcap_pct": 0.2,
      "advol_pct": 0.2
    },
    "tilt_strength": 0.5,
    "rebalance": "monthly",
    "cost_bps": 10.0
  },
  "train_metrics": {
    "sharpe": 0.8110356041145089,
    "ann_return": 0.15852219663818778,
    "ann_vol": 0.14018767991323094,
    "max_drawdown": -15.423365986925855,
    "turnover": 0.26999999999999996,
    "n_rebalances": 72
  },
  "val_metrics": {
    "sharpe": 0.01247300995766994,
    "ann_return": 0.0370251223992315,
    "ann_vol": 0.13218634522591322,
    "max_drawdown": -13.535835889199646,
    "turnover": 0.24818181818181817,
    "n_rebalances": 24
  },
  "hypothesis": "Reducing top_n to 25 concentrates portfolio in highest-ranked names, capturing stronger factor alpha and improving validation Sharpe.",
  "kept": false,
  "attribution": {
    "path": "top_n",
    "value": 25
  }
}