{
  "config": {
    "factor_weights": {
      "momentum": 0.20408163265306128,
      "reversal": 0.12244897959183675,
      "low_vol": 0.12244897959183675,
      "resid_mom": 0.10204081632653064,
      "high_52w": 0.0816326530612245,
      "max_lottery": 0.0816326530612245,
      "turnover": 0.06122448979591837,
      "value": 0.10204081632653064,
      "gross_prof": 0.06122448979591837,
      "asset_growth": 0.0,
      "quality": 0.06122448979591837
    },
    "lookback": {
      "momentum_days": 252,
      "vol_days": 63,
      "reversal_days": 21,
      "max_days": 21,
      "hi_days": 252,
      "to_days": 21,
      "resid_days": 252
    },
    "top_n": 30,
    "holding_buffer": 5,
    "max_weight": 0.05,
    "liquidity_pct": {
      "mktcap_pct": 0.2,
      "advol_pct": 0.3
    },
    "tilt_strength": 0.5,
    "rebalance": "monthly",
    "cost_bps": 10.0
  },
  "train_metrics": {
    "sharpe": 0.9157926914837679,
    "ann_return": 0.2071828735447525,
    "ann_vol": 0.17575572930338562,
    "max_drawdown": -22.104488285297602,
    "turnover": 0.30239963001909204,
    "n_rebalances": 72
  },
  "val_metrics": {
    "sharpe": -0.027975371763960095,
    "ann_return": 0.023525105553792836,
    "ann_vol": 0.17448906679826984,
    "max_drawdown": -17.842621586818932,
    "turnover": 0.22751227597321336,
    "n_rebalances": 24
  },
  "hypothesis": "Increasing advol_pct to 0.3 drops the least liquid quintile, reducing market impact and improving net Sharpe ratio.",
  "kept": false,
  "attribution": {
    "path": "liquidity_pct.advol_pct",
    "value": 0.3
  }
}