{
  "config": {
    "factor_weights": {
      "momentum": 0.20408163265306128,
      "reversal": 0.12244897959183675,
      "low_vol": 0.12244897959183675,
      "resid_mom": 0.10204081632653064,
      "high_52w": 0.0816326530612245,
      "max_lottery": 0.0816326530612245,
      "turnover": 0.06122448979591837,
      "value": 0.10204081632653064,
      "gross_prof": 0.06122448979591837,
      "asset_growth": 0.0,
      "quality": 0.06122448979591837
    },
    "lookback": {
      "momentum_days": 252,
      "vol_days": 63,
      "reversal_days": 21,
      "max_days": 21,
      "hi_days": 252,
      "to_days": 21,
      "resid_days": 252
    },
    "top_n": 40.0,
    "holding_buffer": 5,
    "max_weight": 0.05,
    "liquidity_pct": {
      "mktcap_pct": 0.2,
      "advol_pct": 0.2
    },
    "tilt_strength": 0.5,
    "rebalance": "monthly",
    "cost_bps": 10.0
  },
  "train_metrics": {
    "sharpe": 0.8731798575482393,
    "ann_return": 0.19508908568290284,
    "ann_vol": 0.17179044109619973,
    "max_drawdown": -21.661585536731724,
    "turnover": 0.24647390714877457,
    "n_rebalances": 72
  },
  "val_metrics": {
    "sharpe": -0.32186601264323833,
    "ann_return": -0.025422941499767315,
    "ann_vol": 0.16748738778093422,
    "max_drawdown": -23.88285492098608,
    "turnover": 0.20978370892765816,
    "n_rebalances": 24
  },
  "hypothesis": "Increasing number of holdings to 40 improves diversification and reduces volatility, boosting risk-adjusted returns and Sharpe ratio.",
  "kept": false,
  "attribution": {
    "path": "top_n",
    "value": 40
  }
}