{
  "config": {
    "factor_weights": {
      "momentum": 0.19230769230769232,
      "reversal": 0.11538461538461538,
      "low_vol": 0.11538461538461538,
      "resid_mom": 0.09615384615384616,
      "high_52w": 0.07692307692307693,
      "max_lottery": 0.07692307692307693,
      "turnover": 0.05769230769230769,
      "value": 0.09615384615384616,
      "gross_prof": 0.05769230769230769,
      "asset_growth": 0.05769230769230769,
      "quality": 0.05769230769230769
    },
    "lookback": {
      "momentum_days": 252,
      "vol_days": 63,
      "reversal_days": 21,
      "max_days": 21,
      "hi_days": 252,
      "to_days": 21,
      "resid_days": 252
    },
    "top_n": 50.0,
    "holding_buffer": 5,
    "max_weight": 0.05,
    "liquidity_pct": {
      "mktcap_pct": 0.2,
      "advol_pct": 0.2
    },
    "tilt_strength": 0.5,
    "rebalance": "monthly",
    "cost_bps": 10.0
  },
  "train_metrics": {
    "sharpe": 0.8962058337580304,
    "ann_return": 0.1970169164699036,
    "ann_vol": 0.16855932544363209,
    "max_drawdown": -20.901327903334206,
    "turnover": 0.17552471849391352,
    "n_rebalances": 72
  },
  "val_metrics": {
    "sharpe": -0.3580157905360678,
    "ann_return": -0.037141414989237176,
    "ann_vol": 0.1783393502015784,
    "max_drawdown": -25.239389183661203,
    "turnover": 0.15911590727282784,
    "n_rebalances": 24
  },
  "hypothesis": "Increasing top_n to 50 diversifies the portfolio, reducing idiosyncratic volatility and improving the Sharpe ratio.",
  "kept": false,
  "attribution": {
    "path": "top_n",
    "value": 50
  }
}