{
  "bear_2022": {
    "mean_alpha_5d": -0.007855276106483016,
    "quant_on": -0.007855276106483016,
    "quant_off": 0.010413982450275538,
    "quant_delta": -0.018269258556758552
  },
  "bull_2023_24": {
    "mean_alpha_5d": 0.004779504883695397,
    "quant_on": 0.004779504883695397,
    "quant_off": 0.007893320483611955,
    "quant_delta": -0.003113815599916558
  },
  "choppy_2025": {
    "mean_alpha_5d": 0.019257913903676104,
    "quant_on": 0.019257913903676104,
    "quant_off": 0.01930098181193906,
    "quant_delta": -4.306790826295523e-05
  }
}