{
  "config": {
    "factor_weights": {
      "momentum": 0.20408163265306128,
      "reversal": 0.12244897959183675,
      "low_vol": 0.12244897959183675,
      "resid_mom": 0.10204081632653064,
      "high_52w": 0.0816326530612245,
      "max_lottery": 0.0816326530612245,
      "turnover": 0.06122448979591837,
      "value": 0.10204081632653064,
      "gross_prof": 0.06122448979591837,
      "asset_growth": 0.0,
      "quality": 0.06122448979591837
    },
    "lookback": {
      "momentum_days": 120.0,
      "vol_days": 63,
      "reversal_days": 21,
      "max_days": 21,
      "hi_days": 252,
      "to_days": 21,
      "resid_days": 252
    },
    "top_n": 30,
    "holding_buffer": 5,
    "max_weight": 0.05,
    "liquidity_pct": {
      "mktcap_pct": 0.2,
      "advol_pct": 0.2
    },
    "tilt_strength": 0.5,
    "rebalance": "monthly",
    "cost_bps": 10.0
  },
  "train_metrics": {
    "sharpe": 0.8548580685611147,
    "ann_return": 0.1892576074985317,
    "ann_vol": 0.169139361807242,
    "max_drawdown": -20.7059466340186,
    "turnover": 0.36578284089584784,
    "n_rebalances": 72
  },
  "val_metrics": {
    "sharpe": -0.11156307667868297,
    "ann_return": 0.010925139164384978,
    "ann_vol": 0.16562353612712993,
    "max_drawdown": -17.35681306042429,
    "turnover": 0.3292225850550543,
    "n_rebalances": 24
  },
  "hypothesis": "Shortening momentum lookback to 120 days makes the signal more responsive, potentially capturing faster trends and reducing exposure to stale information, thereby improving validation Sharpe.",
  "kept": false,
  "attribution": {
    "path": "lookback.momentum_days",
    "value": 120
  }
}